year,supplier,recipient,tiv
2005,Australia,Yemen,49.0
2005,Austria,Slovenia,3.0
2005,Belarus,Azerbaijan,19.76
2005,Belarus,Djibouti,7.2
2005,Belarus,Eritrea,26.46
2005,Belgium,Bulgaria,132.0
2005,Belgium,Jordan,28.4
2005,Brazil,Bolivia,0.58
2005,Brazil,Paraguay,0.58
2005,Bulgaria,Eritrea,69.0
2005,Bulgaria,Georgia,18.4
2005,Canada,African Union**,12.6
2005,Canada,Algeria,3.0
2005,Canada,Australia,6.300000000000001
2005,Canada,Brazil,6.0
2005,Canada,Dominican Republic,2.24
2005,Canada,Greece,20.0
2005,Canada,Indonesia,0.35
2005,Canada,Iraq,0.33
2005,Canada,Poland,4.5
2005,Canada,South Korea,3.5
2005,Canada,Spain,3.0
2005,Canada,Sweden,20.0
2005,Canada,United States,152.1
2005,China,Bangladesh,0.54
2005,China,Egypt,21.0
2005,China,Iran,38.0
2005,China,Jordan,37.5
2005,China,Myanmar,20.25
2005,China,Nepal,1.75
2005,China,Pakistan,76.5
2005,China,Sri Lanka,29.25
2005,China,Sudan,18.28
2005,China,Thailand,63.25
2005,China,Turkiye,13.5
2005,China,Zimbabwe,21.0
2005,Czechia,Estonia,12.0
2005,Czechia,Georgia,20.78
2005,Czechia,India,0.09
2005,Czechia,Mali,12.84
2005,Czechia,Viet Nam,26.0
2005,Finland,Estonia,2.52
2005,Finland,Netherlands,5.0
2005,Finland,Poland,33.0
2005,France,Algeria,11.7
2005,France,Australia,51.0
2005,France,Brazil,0.97
2005,France,Brunei,0.72
2005,France,Cameroon,4.8
2005,France,Chile,299.52
2005,France,China,158.5
2005,France,Cyprus,18.0
2005,France,Finland,2.5
2005,France,Germany,25.0
2005,France,Greece,14.219999999999999
2005,France,India,101.25
2005,France,Indonesia,12.85
2005,France,Italy,8.07
2005,France,Japan,1.8
2005,France,Kuwait,6.5
2005,France,Malaysia,9.9
2005,France,Mexico,6.5
2005,France,Norway,0.77
2005,France,Pakistan,13.5
2005,France,Saudi Arabia,0.9
2005,France,South Africa,15.3
2005,France,South Korea,26.5
2005,France,Spain,14.5
2005,France,Taiwan,50.0
2005,France,United Arab Emirates,787.4
2005,France,United States,2.0
2005,Germany,Australia,251.25
2005,Germany,Austria,8.850000000000001
2005,Germany,Belgium,0.35
2005,Germany,Brazil,170.0
2005,Germany,Chile,0.48
2005,Germany,China,15.5
2005,Germany,Denmark,47.18
2005,Germany,Egypt,10.0
2005,Germany,Estonia,1.6
2005,Germany,Finland,17.95
2005,Germany,Greece,75.64
2005,Germany,India,8.0
2005,Germany,Indonesia,4.8
2005,Germany,Ireland,4.5
2005,Germany,Israel,21.0
2005,Germany,Italy,45.0
2005,Germany,Lithuania,5.6
2005,Germany,Netherlands,15.0
2005,Germany,Norway,10.0
2005,Germany,Romania,47.52
2005,Germany,South Africa,225.0
2005,Germany,South Korea,38.96
2005,Germany,Spain,214.55
2005,Germany,Switzerland,29.25
2005,Germany,Tunisia,168.0
2005,Germany,Turkiye,625.5
2005,Germany,United Arab Emirates,4.04
2005,Germany,Uruguay,17.02
2005,Ghana,DR Congo,19.06
2005,Greece,Iraq,12.96
2005,Hungary,Iraq,81.92
2005,India,Nepal,4.5
2005,India,Seychelles,14.6
2005,Indonesia,Malaysia,9.0
2005,Iran,Hezbollah (Lebanon)*,2.75
2005,Iran,Sudan,1.5
2005,Ireland,Australia,26.25
2005,Israel,Angola,8.88
2005,Israel,Australia,5.0
2005,Israel,Chile,7.5
2005,Israel,Colombia,9.5
2005,Israel,Ecuador,3.0
2005,Israel,Equatorial Guinea,10.5
2005,Israel,Finland,14.7
2005,Israel,Georgia,0.2
2005,Israel,Germany,13.0
2005,Israel,Greece,8.0
2005,Israel,India,246.7
2005,Israel,Mexico,26.4
2005,Israel,Morocco,14.0
2005,Israel,Poland,1.8
2005,Israel,Romania,23.5
2005,Israel,Singapore,7.5
2005,Israel,Spain,20.0
2005,Israel,Sri Lanka,27.96
2005,Israel,Turkiye,3.04
2005,Israel,Uganda,3.75
2005,Israel,United States,60.75
2005,Israel,Venezuela,5.0
2005,Italy,Albania,7.34
2005,Italy,Brazil,28.0
2005,Italy,Chile,16.0
2005,Italy,Czechia,12.5
2005,Italy,Germany,2.75
2005,Italy,Greece,47.25
2005,Italy,Hungary,12.5
2005,Italy,India,15.0
2005,Italy,Japan,5.25
2005,Italy,Malaysia,5.5
2005,Italy,Malta,17.5
2005,Italy,Netherlands,3.47
2005,Italy,Pakistan,42.0
2005,Italy,Peru,343.2
2005,Italy,Poland,16.0
2005,Italy,Portugal,125.0
2005,Italy,Romania,2.75
2005,Italy,South Africa,11.0
2005,Italy,Spain,60.75
2005,Italy,Tanzania,10.0
2005,Italy,Thailand,13.0
2005,Italy,Turkiye,35.0
2005,Jordan,Iraq,21.59
2005,Libya,Pakistan,112.5
2005,Moldova,Angola,18.4
2005,Netherlands,Angola,11.2
2005,Netherlands,Chile,122.88
2005,Netherlands,Germany,94.5
2005,Netherlands,Greece,20.5
2005,Netherlands,India,25.0
2005,Netherlands,Jamaica,10.0
2005,Netherlands,Romania,126.48
2005,Netherlands,South Africa,2.5
2005,Netherlands,South Korea,25.0
2005,Netherlands,Thailand,16.0
2005,Netherlands,Turkiye,26.5
2005,Netherlands,Uruguay,2.96
2005,Netherlands,Venezuela,12.0
2005,New Zealand,Thailand,0.45
2005,North Korea,Syria,15.0
2005,Norway,Finland,3.0
2005,Norway,Lithuania,2.6
2005,Oman,Bahrain,0.84
2005,Pakistan,Bangladesh,6.48
2005,Pakistan,Iraq,15.2
2005,Pakistan,Saudi Arabia,4.8
2005,Poland,Iraq,3.3
2005,Poland,Viet Nam,15.0
2005,Romania,Bangladesh,2.7
2005,Russia,Afghanistan,14.6
2005,Russia,Algeria,92.4
2005,Russia,Burkina Faso,11.88
2005,Russia,China,3076.0
2005,Russia,Czechia,175.5
2005,Russia,Egypt,153.75
2005,Russia,Eritrea,3.2
2005,Russia,Greece,63.3
2005,Russia,India,688.75
2005,Russia,Iran,15.0
2005,Russia,Kazakhstan,39.8
2005,Russia,Kyrgyzstan,2.9
2005,Russia,Laos,3.5
2005,Russia,Latvia,4.79
2005,Russia,Libya,0.8
2005,Russia,Morocco,69.0
2005,Russia,Myanmar,158.75
2005,Russia,North Korea,4.5
2005,Russia,Senegal,14.5
2005,Russia,South Korea,86.95
2005,Russia,Sudan,93.03
2005,Russia,Syria,15.0
2005,Russia,United Kingdom,1.33
2005,Russia,Viet Nam,163.95
2005,Russia,Yemen,245.75
2005,South Africa,Finland,5.0
2005,South Africa,Ghana,0.32
2005,South Africa,Nepal,1.04
2005,South Africa,Senegal,0.16
2005,South Africa,Uganda,1.86
2005,South Africa,United Nations**,1.04
2005,South Africa,United States,26.28
2005,South Africa,Zambia,0.06
2005,South Korea,Indonesia,1.9
2005,South Korea,Iraq,3.0
2005,South Korea,Turkiye,104.16
2005,Spain,Algeria,25.0
2005,Spain,Colombia,4.5600000000000005
2005,Spain,Ecuador,33.6
2005,Spain,Indonesia,12.5
2005,Spain,Poland,37.5
2005,Sweden,Australia,10.5
2005,Sweden,Czechia,370.2
2005,Sweden,Denmark,2.5
2005,Sweden,Estonia,10.2
2005,Sweden,Finland,49.4
2005,Sweden,Germany,0.4
2005,Sweden,Greece,2.0
2005,Sweden,Italy,5.4
2005,Sweden,Pakistan,4.0
2005,Sweden,Poland,1.0
2005,Sweden,Switzerland,68.8
2005,Sweden,Thailand,0.4
2005,Sweden,United Kingdom,11.5
2005,Switzerland,Austria,16.8
2005,Switzerland,China,65.0
2005,Switzerland,Denmark,7.7
2005,Switzerland,Morocco,17.6
2005,Switzerland,United States,167.3
2005,Turkiye,Bahrain,3.15
2005,Turkiye,Iraq,2.42
2005,Turkiye,Saudi Arabia,9.6
2005,Turkiye,United Arab Emirates,11.1
2005,Ukraine,Algeria,18.1
2005,Ukraine,Azerbaijan,43.6
2005,Ukraine,Belarus,5.94
2005,Ukraine,China,81.97
2005,Ukraine,Congo,3.6
2005,Ukraine,Egypt,26.0
2005,Ukraine,Georgia,51.980000000000004
2005,Ukraine,Kazakhstan,4.279999999999999
2005,Ukraine,Pakistan,12.4
2005,Ukraine,Slovakia,4.17
2005,Ukraine,Uganda,4.32
2005,Ukraine,United States,1.6
2005,Ukraine,Viet Nam,15.6
2005,Ukraine,Yemen,21.6
2005,Ukraine,Zimbabwe,3.6
2005,United Arab Emirates,Iraq,2.04
2005,United Arab Emirates,Jordan,13.0
2005,United Kingdom,Algeria,9.3
2005,United Kingdom,Australia,7.5
2005,United Kingdom,Canada,16.0
2005,United Kingdom,China,70.0
2005,United Kingdom,Czechia,1.6
2005,United Kingdom,Denmark,37.5
2005,United Kingdom,Germany,20.0
2005,United Kingdom,Greece,53.0
2005,United Kingdom,India,117.0
2005,United Kingdom,Iraq,4.75
2005,United Kingdom,Italy,15.600000000000001
2005,United Kingdom,Japan,20.0
2005,United Kingdom,Malaysia,32.0
2005,United Kingdom,Netherlands,12.0
2005,United Kingdom,Oman,38.0
2005,United Kingdom,Romania,217.68
2005,United Kingdom,South Africa,8.64
2005,United Kingdom,Spain,45.0
2005,United Kingdom,Switzerland,70.0
2005,United Kingdom,Thailand,5.0
2005,United Kingdom,Turkiye,14.0
2005,United Kingdom,United States,172.0
2005,United Kingdom,Venezuela,3.6
2005,United States,Afghanistan,18.8
2005,United States,Argentina,3.1
2005,United States,Australia,100.3
2005,United States,Bahamas,2.85
2005,United States,Bahrain,62.5
2005,United States,Belgium,3.0
2005,United States,Brazil,18.0
2005,United States,Canada,90.0
2005,United States,Colombia,4.25
2005,United States,Czechia,40.4
2005,United States,Denmark,22.21
2005,United States,Ecuador,2.0
2005,United States,Egypt,622.62
2005,United States,France,2.0
2005,United States,Germany,50.8
2005,United States,Greece,101.93
2005,United States,Indonesia,0.5
2005,United States,Iraq,47.6
2005,United States,Israel,1082.22
2005,United States,Italy,62.25
2005,United States,Japan,348.21000000000004
2005,United States,Kuwait,5.0
2005,United States,Lebanon,1.0
2005,United States,Lithuania,2.6
2005,United States,Malaysia,1.0
2005,United States,Mexico,7.5
2005,United States,Netherlands,50.980000000000004
2005,United States,Norway,3.0
2005,United States,Oman,140.0
2005,United States,Pakistan,166.14
2005,United States,Peru,24.8
2005,United States,Philippines,12.49
2005,United States,Poland,10.940000000000001
2005,United States,Portugal,33.1
2005,United States,Romania,13.0
2005,United States,Saudi Arabia,150.3
2005,United States,Singapore,530.25
2005,United States,South Korea,619.15
2005,United States,Sri Lanka,6.0
2005,United States,Sweden,58.2
2005,United States,Taiwan,644.52
2005,United States,Thailand,17.0
2005,United States,Turkiye,254.20000000000002
2005,United States,United Arab Emirates,1269.1699999999998
2005,United States,United Kingdom,18.0
2005,Uzbekistan,Georgia,3.6
2005,unknown supplier(s),African Union**,43.5
2005,unknown supplier(s),DR Congo,6.8
2005,unknown supplier(s),Guinea,0.72
2005,unknown supplier(s),LTTE (Sri Lanka)*,0.14
2005,unknown supplier(s),Senegal,0.88
2005,unknown supplier(s),South Korea,0.8
2010,Australia,India,16.6
2010,Australia,New Zealand,66.0
2010,Australia,Singapore,30.0
2010,Australia,Trinidad and Tobago,24.0
2010,Austria,Bolivia,1.35
2010,Austria,Czechia,18.8
2010,Austria,Portugal,20.5
2010,Austria,Saudi Arabia,14.8
2010,Austria,Spain,12.0
2010,Austria,Thailand,3.1
2010,Austria,Uganda,1.12
2010,Austria,United Arab Emirates,2.0
2010,Austria,United States,1.0
2010,Austria,Venezuela,0.5
2010,Belarus,Azerbaijan,8.8
2010,Belarus,Nigeria,7.2
2010,Belarus,Sudan,4.6
2010,Belarus,Uganda,3.4
2010,Belarus,Yemen,137.41
2010,Belgium,Chad,7.39
2010,Belgium,Estonia,0.9
2010,Belgium,Jordan,0.6
2010,Belgium,Lebanon,2.16
2010,Bosnia-Herzegovina,Azerbaijan,0.28
2010,Brazil,Chile,36.0
2010,Brazil,Dominican Republic,27.0
2010,Brazil,Ecuador,63.0
2010,Brazil,Malaysia,18.0
2010,Brazil,Paraguay,2.7
2010,Bulgaria,Cambodia,4.24
2010,Canada,Brazil,5.0
2010,Canada,Chile,5.5
2010,Canada,Colombia,2.5
2010,Canada,Dominican Republic,3.0
2010,Canada,Ecuador,7.0
2010,Canada,Iraq,5.5
2010,Canada,Israel,6.0
2010,Canada,Mexico,3.0
2010,Canada,Nigeria,1.0
2010,Canada,Portugal,6.0
2010,Canada,Romania,5.0
2010,Canada,Turkiye,1.75
2010,Canada,United Arab Emirates,2.0
2010,Canada,United States,142.9
2010,China,Algeria,18.0
2010,China,Argentina,1.4
2010,China,Bangladesh,12.5
2010,China,Benin,0.26
2010,China,Chad,15.6
2010,China,Ecuador,7.8
2010,China,Egypt,35.0
2010,China,Ghana,2.2
2010,China,Guinea,0.7
2010,China,Indonesia,1.5
2010,China,Iran,51.75
2010,China,Jordan,2.4
2010,China,Kenya,13.0
2010,China,Mauritania,7.2
2010,China,Morocco,227.20000000000002
2010,China,Myanmar,5.0
2010,China,Nigeria,189.7
2010,China,Pakistan,747.95
2010,China,Peru,1.2
2010,China,Sri Lanka,5.0
2010,China,Sudan,30.25
2010,China,Syria,15.0
2010,China,Timor-Leste,18.0
2010,China,Turkiye,33.75
2010,China,Venezuela,89.0
2010,Czechia,India,0.09
2010,Czechia,Slovakia,2.6
2010,Czechia,Yemen,1.92
2010,Denmark,Lithuania,8.0
2010,Finland,Croatia,10.0
2010,Finland,Poland,54.4
2010,Finland,Slovenia,5.6
2010,Finland,United Arab Emirates,3.15
2010,France,Algeria,52.0
2010,France,Australia,41.5
2010,France,Bahrain,15.3
2010,France,Brazil,44.0
2010,France,Bulgaria,7.25
2010,France,Chile,15.1
2010,France,China,149.25
2010,France,Colombia,12.0
2010,France,Cyprus,0.54
2010,France,Estonia,2.7
2010,France,Finland,7.0
2010,France,Greece,10.0
2010,France,India,24.0
2010,France,Indonesia,27.0
2010,France,Iraq,2.04
2010,France,Japan,4.5
2010,France,Libya,3.0
2010,France,Malaysia,14.4
2010,France,Mauritania,10.200000000000001
2010,France,Mexico,15.0
2010,France,Morocco,36.0
2010,France,Netherlands,4.5
2010,France,Norway,20.0
2010,France,Oman,14.0
2010,France,Pakistan,19.52
2010,France,Poland,12.5
2010,France,Qatar,0.36
2010,France,Saudi Arabia,89.8
2010,France,South Africa,0.85
2010,France,South Korea,2.0
2010,France,Spain,25.95
2010,France,Togo,0.72
2010,France,United Arab Emirates,58.4
2010,France,United Kingdom,80.0
2010,France,United States,67.0
2010,Germany,Australia,35.0
2010,Germany,Belgium,14.0
2010,Germany,Brazil,83.2
2010,Germany,Brunei,32.8
2010,Germany,Chile,161.83999999999997
2010,Germany,China,2.5
2010,Germany,Egypt,10.0
2010,Germany,France,0.45
2010,Germany,Greece,397.4
2010,Germany,India,48.6
2010,Germany,Israel,22.5
2010,Germany,Italy,63.0
2010,Germany,Japan,2.25
2010,Germany,Luxembourg,8.4
2010,Germany,Malaysia,85.5
2010,Germany,Netherlands,13.5
2010,Germany,New Zealand,12.0
2010,Germany,Norway,3.98
2010,Germany,Pakistan,11.0
2010,Germany,Portugal,550.0
2010,Germany,Saudi Arabia,11.2
2010,Germany,Singapore,161.21
2010,Germany,South Korea,39.86
2010,Germany,Spain,197.9
2010,Germany,Switzerland,12.5
2010,Germany,Taiwan,36.0
2010,Germany,Thailand,0.95
2010,Germany,Turkiye,136.47
2010,Germany,United Arab Emirates,32.1
2010,Germany,United Kingdom,1.2
2010,Germany,United States,170.55
2010,Germany,Venezuela,6.0
2010,India,Maldives,4.5
2010,Iran,Sudan,1.5
2010,Iran,Syria,52.0
2010,Ireland,Australia,40.6
2010,Ireland,Chile,1.3
2010,Israel,Australia,20.0
2010,Israel,Azerbaijan,10.1
2010,Israel,Belgium,7.2
2010,Israel,Brazil,20.599999999999998
2010,Israel,Bulgaria,0.42
2010,Israel,Chile,21.8
2010,Israel,Colombia,165.39000000000001
2010,Israel,Czechia,28.4
2010,Israel,Denmark,5.0
2010,Israel,Dominican Republic,21.0
2010,Israel,France,3.0
2010,Israel,Germany,12.0
2010,Israel,India,105.5
2010,Israel,Italy,4.5
2010,Israel,Kazakhstan,8.0
2010,Israel,Myanmar,2.97
2010,Israel,Netherlands,15.0
2010,Israel,Poland,10.5
2010,Israel,Portugal,12.5
2010,Israel,Romania,6.75
2010,Israel,Russia,0.7
2010,Israel,Singapore,70.0
2010,Israel,South Africa,2.0
2010,Israel,Spain,18.0
2010,Israel,Turkiye,86.28
2010,Israel,United Kingdom,7.5
2010,Israel,United States,25.0
2010,Israel,unknown recipient(s),5.0
2010,Italy,Afghanistan,59.4
2010,Italy,Algeria,13.75
2010,Italy,Austria,5.25
2010,Italy,Brazil,9.25
2010,Italy,Chile,9.6
2010,Italy,Czechia,1.5
2010,Italy,Ecuador,2.5
2010,Italy,Finland,7.0
2010,Italy,France,16.0
2010,Italy,Germany,25.0
2010,Italy,Greece,2.75
2010,Italy,India,11.75
2010,Italy,Kuwait,9.0
2010,Italy,Libya,19.28
2010,Italy,Malaysia,14.5
2010,Italy,Morocco,32.0
2010,Italy,Netherlands,33.0
2010,Italy,Nigeria,22.5
2010,Italy,Norway,11.7
2010,Italy,Oman,13.5
2010,Italy,Pakistan,68.15
2010,Italy,Philippines,0.96
2010,Italy,Poland,32.0
2010,Italy,Qatar,30.0
2010,Italy,Romania,32.0
2010,Italy,Spain,7.5
2010,Italy,Turkiye,5.0
2010,Italy,United States,80.0
2010,Italy,Venezuela,2.5
2010,Jordan,Kenya,83.16
2010,Jordan,Lebanon,27.72
2010,Jordan,Yemen,5.9
2010,Libya,Pakistan,9.0
2010,Libya,United Arab Emirates,18.0
2010,Montenegro,Armenia,2.24
2010,Montenegro,Serbia,16.04
2010,Netherlands,Belgium,0.72
2010,Netherlands,Chile,68.4
2010,Netherlands,Estonia,1.8
2010,Netherlands,France,30.0
2010,Netherlands,Greece,15.75
2010,Netherlands,India,19.0
2010,Netherlands,Peru,24.0
2010,Netherlands,Portugal,135.81
2010,Netherlands,South Korea,10.0
2010,Netherlands,Turkiye,13.25
2010,Netherlands,United Kingdom,35.0
2010,Netherlands,Venezuela,12.0
2010,North Korea,Myanmar,7.2
2010,Poland,Burkina Faso,0.12
2010,Poland,Malaysia,19.4
2010,Poland,United States,8.25
2010,Romania,Viet Nam,0.8
2010,Russia,Afghanistan,72.5
2010,Russia,Algeria,686.0
2010,Russia,Armenia,45.8
2010,Russia,Azerbaijan,101.4
2010,Russia,Brazil,76.96
2010,Russia,Chad,7.25
2010,Russia,China,653.25
2010,Russia,Cyprus,43.2
2010,Russia,Egypt,369.15999999999997
2010,Russia,Ethiopia,58.0
2010,Russia,India,2288.8
2010,Russia,Indonesia,187.8
2010,Russia,Iran,35.5
2010,Russia,Iraq,72.5
2010,Russia,Jordan,80.0
2010,Russia,Kazakhstan,51.45
2010,Russia,Kuwait,37.5
2010,Russia,Libya,14.9
2010,Russia,Malaysia,0.2
2010,Russia,Mexico,7.25
2010,Russia,Mongolia,63.6
2010,Russia,Myanmar,46.56
2010,Russia,North Korea,0.5
2010,Russia,Pakistan,26.4
2010,Russia,Palestine,5.4
2010,Russia,Poland,21.75
2010,Russia,Slovakia,6.0
2010,Russia,Slovenia,34.0
2010,Russia,Sudan,67.55
2010,Russia,Syria,353.4
2010,Russia,Turkiye,16.0
2010,Russia,Turkmenistan,32.3
2010,Russia,United Arab Emirates,324.0
2010,Russia,Uzbekistan,30.0
2010,Russia,Venezuela,59.5
2010,Russia,Viet Nam,160.35
2010,Russia,Yemen,90.0
2010,Saudi Arabia,Yemen,1.4
2010,Serbia,Cambodia,30.0
2010,Serbia,Iraq,0.72
2010,Singapore,Chad,1.56
2010,Singapore,Thailand,3.0
2010,Singapore,United Arab Emirates,3.6
2010,Singapore,United Kingdom,24.3
2010,South Africa,Azerbaijan,10.2
2010,South Africa,Burundi,2.24
2010,South Africa,Congo,31.63
2010,South Africa,Finland,0.6
2010,South Africa,Gabon,26.880000000000003
2010,South Africa,Iraq,0.3
2010,South Africa,Ireland,4.05
2010,South Africa,Nigeria,2.4
2010,South Africa,Norway,19.0
2010,South Africa,Senegal,3.84
2010,South Africa,Spain,1.8
2010,South Africa,Uganda,3.7600000000000002
2010,South Africa,United Arab Emirates,2.56
2010,South Africa,United States,116.64
2010,South Africa,Yemen,24.05
2010,South Korea,Peru,16.0
2010,South Korea,Turkiye,161.4
2010,Spain,Argentina,3.4
2010,Spain,Botswana,9.0
2010,Spain,Chile,22.0
2010,Spain,Colombia,17.0
2010,Spain,Mexico,59.0
2010,Spain,Portugal,78.5
2010,Spain,United States,34.0
2010,Spain,Uruguay,20.0
2010,Spain,Venezuela,30.5
2010,Sweden,Argentina,3.0
2010,Sweden,Denmark,4.0
2010,Sweden,Estonia,7.5
2010,Sweden,Finland,5.0
2010,Sweden,Italy,4.0
2010,Sweden,Japan,8.0
2010,Sweden,Latvia,1.6
2010,Sweden,Netherlands,70.0
2010,Sweden,Norway,5.0
2010,Sweden,Pakistan,244.0
2010,Sweden,Poland,2.0
2010,Sweden,Saudi Arabia,3.0
2010,Sweden,South Africa,157.8
2010,Sweden,South Korea,12.0
2010,Sweden,Thailand,26.8
2010,Sweden,United Arab Emirates,39.84
2010,Sweden,United Kingdom,6.0
2010,Sweden,United States,12.5
2010,Switzerland,Belgium,17.2
2010,Switzerland,Brazil,1.05
2010,Switzerland,China,65.0
2010,Switzerland,Finland,11.1
2010,Switzerland,Germany,13.39
2010,Switzerland,Malaysia,9.0
2010,Switzerland,Romania,2.45
2010,Switzerland,Saudi Arabia,40.0
2010,Switzerland,Spain,1.4
2010,Switzerland,United States,124.4
2010,Syria,Hezbollah (Lebanon)*,30.0
2010,Turkiye,Azerbaijan,3.9
2010,Turkiye,Malaysia,33.16
2010,Turkiye,Philippines,1.8
2010,Turkiye,Saudi Arabia,33.6
2010,Turkiye,United Arab Emirates,6.6
2010,Ukraine,Algeria,2.66
2010,Ukraine,Armenia,3.6
2010,Ukraine,Azerbaijan,28.41
2010,Ukraine,Chad,10.979999999999999
2010,Ukraine,DR Congo,155.59
2010,Ukraine,Egypt,26.0
2010,Ukraine,Indonesia,4.75
2010,Ukraine,Iraq,13.440000000000001
2010,Ukraine,Morocco,16.2
2010,Ukraine,Namibia,3.4
2010,Ukraine,Pakistan,71.7
2010,Ukraine,Russia,24.0
2010,Ukraine,Sudan,91.9
2010,Ukraine,Thailand,26.5
2010,Ukraine,Uganda,28.6
2010,Ukraine,Venezuela,10.8
2010,United Arab Emirates,Bahrain,14.8
2010,United Arab Emirates,Lebanon,24.0
2010,United Kingdom,Afghanistan,5.8
2010,United Kingdom,Algeria,47.0
2010,United Kingdom,Bangladesh,23.2
2010,United Kingdom,Canada,11.0
2010,United Kingdom,China,70.0
2010,United Kingdom,Denmark,12.5
2010,United Kingdom,Greece,53.0
2010,United Kingdom,India,120.0
2010,United Kingdom,Japan,32.5
2010,United Kingdom,Jordan,0.96
2010,United Kingdom,Kuwait,3.0
2010,United Kingdom,Malaysia,7.75
2010,United Kingdom,Saudi Arabia,555.0
2010,United Kingdom,South Africa,4.41
2010,United Kingdom,Turkiye,12.6
2010,United Kingdom,United States,187.0
2010,United States,Afghanistan,227.5
2010,United States,Algeria,11.4
2010,United States,Argentina,3.1
2010,United States,Australia,1420.54
2010,United States,Bahrain,68.0
2010,United States,Belgium,0.85
2010,United States,Botswana,1.0
2010,United States,Brazil,16.0
2010,United States,Cameroon,10.0
2010,United States,Canada,209.6
2010,United States,Chile,132.3
2010,United States,Colombia,61.86
2010,United States,Czechia,1.5
2010,United States,Ecuador,9.81
2010,United States,Egypt,248.65
2010,United States,El Salvador,1.56
2010,United States,Finland,10.1
2010,United States,France,53.8
2010,United States,Germany,250.4
2010,United States,Greece,150.77
2010,United States,Hungary,18.19
2010,United States,India,54.0
2010,United States,Iraq,385.87
2010,United States,Israel,47.0
2010,United States,Italy,26.0
2010,United States,Jamaica,0.7
2010,United States,Japan,610.34
2010,United States,Jordan,3.0
2010,United States,Kuwait,37.0
2010,United States,Latvia,14.2
2010,United States,Lebanon,10.2
2010,United States,Malaysia,10.84
2010,United States,Mexico,24.84
2010,United States,Morocco,35.4
2010,United States,Netherlands,35.2
2010,United States,Norway,90.8
2010,United States,Oman,3.0
2010,United States,Pakistan,1034.2
2010,United States,Peru,4.8
2010,United States,Poland,41.28
2010,United States,Portugal,87.65
2010,United States,Romania,61.2
2010,United States,Saudi Arabia,361.42
2010,United States,Singapore,675.84
2010,United States,South Africa,13.2
2010,United States,South Korea,1234.95
2010,United States,Spain,7.0
2010,United States,Switzerland,25.06
2010,United States,Taiwan,35.16
2010,United States,Tunisia,6.92
2010,United States,Turkiye,2.7
2010,United States,United Arab Emirates,157.25
2010,United States,United Kingdom,306.74
2010,United States,unknown recipient(s),3.2
2010,Uzbekistan,India,209.0
2010,unknown supplier(s),Canada,21.75
2010,unknown supplier(s),Equatorial Guinea,2.9
2010,unknown supplier(s),Guinea,4.0
2010,unknown supplier(s),Hamas (Palestine)*,1.2
2010,unknown supplier(s),South Sudan,1.52
2015,Australia,Indonesia,36.96
2015,Australia,Jamaica,2.1
2015,Australia,New Zealand,3.6
2015,Australia,Philippines,6.4
2015,Australia,United States,30.0
2015,Austria,Montenegro,1.28
2015,Austria,OSCE**,0.6
2015,Austria,Saudi Arabia,3.5
2015,Austria,Venezuela,4.55
2015,Bahamas,Denmark,0.24
2015,Belarus,Angola,9.68
2015,Belarus,House of Representatives (Libya)*,14.4
2015,Belarus,Iraq,13.8
2015,Belarus,Myanmar,6.0
2015,Belarus,Sudan,38.22
2015,Belarus,Viet Nam,60.0
2015,Belgium,Austria,0.98
2015,Belgium,Bahrain,2.4
2015,Belgium,Indonesia,5.0
2015,Belgium,Philippines,3.96
2015,Brazil,Indonesia,48.0
2015,Brazil,Pakistan,5.0
2015,Bulgaria,Angola,9.91
2015,Bulgaria,DR Congo,1.2
2015,Bulgaria,Iraq,56.3
2015,Bulgaria,Nigeria,2.6
2015,Bulgaria,Saudi Arabia,8.0
2015,Bulgaria,Senegal,2.4
2015,Bulgaria,Uganda,1.0
2015,Canada,Egypt,6.0
2015,Canada,Germany,28.0
2015,Canada,India,49.0
2015,Canada,Indonesia,5.0
2015,Canada,Mexico,10.5
2015,Canada,New Zealand,2.0
2015,Canada,Nigeria,2.8
2015,Canada,Oman,3.0
2015,Canada,Pakistan,20.0
2015,Canada,Peru,4.5
2015,Canada,Philippines,4.5
2015,Canada,Poland,1.4
2015,Canada,Qatar,5.0
2015,Canada,Saudi Arabia,121.12
2015,Canada,Ukraine,4.96
2015,Canada,United Arab Emirates,12.0
2015,Canada,United States,12.0
2015,Canada,Uzbekistan,3.0
2015,Canada,Viet Nam,3.0
2015,China,Algeria,242.75
2015,China,Bangladesh,449.1
2015,China,DR Congo,1.5
2015,China,Djibouti,3.9
2015,China,Ghana,13.0
2015,China,Indonesia,31.6
2015,China,Iran,7.25
2015,China,Iraq,43.0
2015,China,Kenya,9.75
2015,China,Laos,0.96
2015,China,Myanmar,191.85
2015,China,Nigeria,28.0
2015,China,Pakistan,558.95
2015,China,Peru,16.2
2015,China,Saudi Arabia,35.0
2015,China,Sierra Leone,0.9
2015,China,Sudan,43.5
2015,China,Tanzania,20.0
2015,China,Thailand,0.56
2015,China,Trinidad and Tobago,16.0
2015,China,United Arab Emirates,15.0
2015,China,Venezuela,112.6
2015,Czechia,Bangladesh,7.8
2015,Czechia,India,0.09
2015,Czechia,Iraq,86.12
2015,Czechia,Mexico,0.34
2015,Czechia,Nigeria,27.64
2015,Czechia,Russia,13.0
2015,Czechia,United States,4.0
2015,Czechia,Viet Nam,12.0
2015,Denmark,Algeria,4.75
2015,Denmark,Finland,5.35
2015,Denmark,Greece,1.22
2015,Denmark,Indonesia,4.75
2015,Denmark,Oman,5.0
2015,Denmark,Portugal,1.3
2015,Egypt,House of Representatives (Libya)*,21.4
2015,Estonia,Iraq,1.2
2015,Finland,Ireland,2.4
2015,Finland,Poland,19.2
2015,Finland,Saudi Arabia,7.2
2015,Finland,United Arab Emirates,0.6
2015,France,Australia,99.0
2015,France,Bangladesh,10.0
2015,France,Belgium,18.5
2015,France,Bhutan,0.95
2015,France,Brazil,72.0
2015,France,Cameroon,2.4
2015,France,Chile,24.0
2015,France,China,175.7
2015,France,Colombia,3.8
2015,France,Cote d'Ivoire,5.0
2015,France,Ecuador,1.3
2015,France,Egypt,698.45
2015,France,Estonia,15.16
2015,France,Finland,56.8
2015,France,Gabon,4.35
2015,France,Germany,26.0
2015,France,Greece,5.0
2015,France,India,119.1
2015,France,Indonesia,52.31
2015,France,Italy,22.5
2015,France,Japan,0.6
2015,France,Laos,6.5
2015,France,Lebanon,0.48
2015,France,Lithuania,9.75
2015,France,Mozambique,5.0
2015,France,Myanmar,10.0
2015,France,Netherlands,3.0
2015,France,Niger,0.48
2015,France,Norway,2.5
2015,France,Peru,8.0
2015,France,Qatar,5.0
2015,France,Romania,0.72
2015,France,Saudi Arabia,360.88
2015,France,Senegal,10.73
2015,France,Singapore,30.2
2015,France,Spain,30.0
2015,France,Sweden,9.0
2015,France,Thailand,32.0
2015,France,United Arab Emirates,173.25
2015,France,United Kingdom,28.0
2015,France,United States,54.0
2015,France,Uzbekistan,36.25
2015,Germany,Albania,6.5
2015,Germany,Algeria,14.0
2015,Germany,Australia,8.25
2015,Germany,Belgium,11.0
2015,Germany,Brazil,39.6
2015,Germany,China,19.5
2015,Germany,Colombia,83.0
2015,Germany,Croatia,10.8
2015,Germany,Egypt,19.3
2015,Germany,France,4.8
2015,Germany,Gabon,0.15
2015,Germany,Greece,560.9
2015,Germany,India,67.0
2015,Germany,Indonesia,31.389999999999997
2015,Germany,Iraq,12.93
2015,Germany,Israel,351.0
2015,Germany,Japan,4.5
2015,Germany,Kazakhstan,3.25
2015,Germany,Malaysia,13.120000000000001
2015,Germany,Mexico,10.0
2015,Germany,Mozambique,0.48
2015,Germany,Myanmar,4.0
2015,Germany,Netherlands,2.5
2015,Germany,Poland,58.94
2015,Germany,Qatar,74.5
2015,Germany,Russia,9.6
2015,Germany,Saudi Arabia,2.76
2015,Germany,South Korea,30.0
2015,Germany,Spain,102.4
2015,Germany,Sweden,14.5
2015,Germany,Switzerland,9.5
2015,Germany,Thailand,26.2
2015,Germany,Turkiye,12.0
2015,Germany,Turkmenistan,3.0
2015,Germany,United Arab Emirates,8.0
2015,Germany,United States,193.25
2015,India,Afghanistan,12.15
2015,India,Myanmar,27.0
2015,India,Suriname,2.85
2015,Iran,Iraq,9.2
2015,Iran,Sudan,1.5
2015,Ireland,Malta,10.0
2015,Israel,Azerbaijan,111.5
2015,Israel,Belgium,7.2
2015,Israel,Brazil,14.9
2015,Israel,Cameroon,2.24
2015,Israel,Chad,1.32
2015,Israel,Colombia,13.2
2015,Israel,Ethiopia,2.8
2015,Israel,Germany,9.0
2015,Israel,India,156.75
2015,Israel,Italy,21.0
2015,Israel,Jordan,48.0
2015,Israel,Lithuania,0.5
2015,Israel,Mexico,4.0
2015,Israel,Peru,2.16
2015,Israel,Philippines,6.4
2015,Israel,Senegal,4.03
2015,Israel,Singapore,12.5
2015,Israel,South Korea,46.9
2015,Israel,Thailand,2.84
2015,Israel,Turkiye,31.5
2015,Israel,United Kingdom,24.0
2015,Israel,United States,40.0
2015,Israel,Viet Nam,7.35
2015,Israel,unknown recipient(s),3.0
2015,Italy,Albania,0.24
2015,Italy,Algeria,30.0
2015,Italy,Australia,32.0
2015,Italy,Bangladesh,12.0
2015,Italy,Brazil,21.6
2015,Italy,Egypt,8.25
2015,Italy,Finland,7.0
2015,Italy,France,2.75
2015,Italy,Greece,2.75
2015,Italy,India,5.5
2015,Italy,Ireland,2.75
2015,Italy,Israel,110.5
2015,Italy,Lebanon,1.25
2015,Italy,Netherlands,35.0
2015,Italy,Norway,7.0
2015,Italy,Oman,5.5
2015,Italy,Pakistan,12.2
2015,Italy,Peru,58.0
2015,Italy,Philippines,27.5
2015,Italy,Poland,25.0
2015,Italy,Romania,16.0
2015,Italy,Russia,18.75
2015,Italy,Saudi Arabia,89.0
2015,Italy,Somalia,0.28
2015,Italy,Thailand,22.5
2015,Italy,Tunisia,0.45
2015,Italy,Turkiye,34.0
2015,Italy,Turkmenistan,9.5
2015,Italy,United Arab Emirates,73.25
2015,Jordan,Lebanon,8.280000000000001
2015,Jordan,Pakistan,7.3
2015,Kyrgyzstan,India,4.0
2015,Malta,Pakistan,5.2
2015,Netherlands,Algeria,12.5
2015,Netherlands,Bahamas,15.8
2015,Netherlands,Canada,73.5
2015,Netherlands,Egypt,9.5
2015,Netherlands,Estonia,0.6
2015,Netherlands,Finland,40.0
2015,Netherlands,France,12.5
2015,Netherlands,Germany,6.0
2015,Netherlands,Greece,13.25
2015,Netherlands,India,9.5
2015,Netherlands,Jordan,76.38
2015,Netherlands,Mexico,20.0
2015,Netherlands,Norway,5.0
2015,Netherlands,Oman,18.5
2015,Netherlands,Peru,6.0
2015,Netherlands,Philippines,0.48
2015,Netherlands,Saudi Arabia,25.0
2015,Netherlands,Singapore,4.5
2015,Netherlands,Trinidad and Tobago,30.0
2015,Netherlands,Turkmenistan,14.25
2015,Netherlands,United States,61.6
2015,Netherlands,Venezuela,14.0
2015,New Zealand,United Arab Emirates,0.9
2015,Norway,Brazil,8.0
2015,Norway,Chile,30.0
2015,Norway,Finland,60.0
2015,Norway,Poland,19.0
2015,Poland,Lithuania,1.76
2015,Portugal,Uruguay,6.8
2015,Russia,Algeria,545.0
2015,Russia,Angola,29.0
2015,Russia,Azerbaijan,215.2
2015,Russia,Bangladesh,77.6
2015,Russia,Belarus,88.88
2015,Russia,Brazil,5.6
2015,Russia,China,725.5
2015,Russia,Egypt,5.0
2015,Russia,India,1844.15
2015,Russia,Iran,4.0
2015,Russia,Iraq,473.85
2015,Russia,Kazakhstan,442.5
2015,Russia,Kuwait,49.5
2015,Russia,Kyrgyzstan,4.1
2015,Russia,Mongolia,73.32000000000001
2015,Russia,Myanmar,11.88
2015,Russia,Nepal,14.5
2015,Russia,Nicaragua,14.489999999999998
2015,Russia,Nigeria,89.5
2015,Russia,Pakistan,37.4
2015,Russia,Peru,94.25
2015,Russia,Rwanda,29.0
2015,Russia,Senegal,7.25
2015,Russia,South Sudan,18.0
2015,Russia,Sudan,52.760000000000005
2015,Russia,Syria,16.0
2015,Russia,Thailand,14.5
2015,Russia,Turkmenistan,50.5
2015,Russia,Viet Nam,751.0
2015,Russia,Zambia,14.5
2015,Saudi Arabia,Yemen,2.5
2015,Serbia,Bangladesh,9.6
2015,Serbia,Kenya,19.0
2015,Serbia,Nigeria,12.75
2015,Serbia,Saudi Arabia,20.2
2015,Singapore,Oman,70.0
2015,Singapore,United Arab Emirates,10.2
2015,Slovakia,Saudi Arabia,3.36
2015,South Africa,Algeria,1.5
2015,South Africa,Azerbaijan,2.45
2015,South Africa,Burkina Faso,4.96
2015,South Africa,Cameroon,1.44
2015,South Africa,Ghana,0.3
2015,South Africa,Iraq,2.4
2015,South Africa,Malawi,3.0900000000000003
2015,South Africa,Nigeria,4.45
2015,South Africa,Saudi Arabia,8.4
2015,South Africa,Uganda,0.75
2015,South Africa,United Arab Emirates,43.62
2015,South Africa,United Nations**,2.56
2015,South Korea,Colombia,37.5
2015,South Korea,Indonesia,6.0
2015,South Korea,Peru,11.4
2015,South Korea,Philippines,32.9
2015,South Korea,Turkiye,3.9
2015,Spain,Australia,479.5
2015,Spain,Ecuador,26.0
2015,Spain,Egypt,50.0
2015,Spain,Guatemala,33.0
2015,Spain,Indonesia,25.0
2015,Spain,Iraq,0.84
2015,Spain,Malaysia,73.0
2015,Spain,Mexico,84.0
2015,Spain,Oman,44.0
2015,Spain,Philippines,25.0
2015,Spain,Saudi Arabia,12.5
2015,Spain,Turkiye,73.0
2015,Spain,Uruguay,6.0
2015,Spain,Uzbekistan,25.0
2015,Spain,Viet Nam,25.0
2015,Sweden,Australia,7.5
2015,Sweden,Brazil,1.8
2015,Sweden,Canada,15.0
2015,Sweden,Germany,7.2
2015,Sweden,Ireland,2.5
2015,Sweden,Japan,8.0
2015,Sweden,Latvia,2.0
2015,Sweden,Norway,16.6
2015,Sweden,Pakistan,4.0
2015,Sweden,South Korea,20.0
2015,Sweden,Thailand,12.5
2015,Sweden,United Arab Emirates,65.5
2015,Sweden,United States,15.0
2015,Switzerland,Afghanistan,9.25
2015,Switzerland,Belgium,10.15
2015,Switzerland,Canada,2.8
2015,Switzerland,China,65.0
2015,Switzerland,Germany,13.65
2015,Switzerland,India,25.0
2015,Switzerland,Indonesia,90.0
2015,Switzerland,Qatar,50.0
2015,Switzerland,Romania,2.45
2015,Switzerland,Saudi Arabia,145.0
2015,Switzerland,Singapore,30.0
2015,Switzerland,United States,48.0
2015,Taiwan,Honduras,4.19
2015,Turkiye,Azerbaijan,22.0
2015,Turkiye,Malaysia,18.48
2015,Turkiye,Mauritania,0.9
2015,Turkiye,Pakistan,24.48
2015,Turkiye,Russia,16.0
2015,Turkiye,Saudi Arabia,60.0
2015,Turkiye,Turkmenistan,92.0
2015,Turkiye,United Arab Emirates,10.0
2015,Ukraine,Bangladesh,17.4
2015,Ukraine,Belarus,9.6
2015,Ukraine,China,100.1
2015,Ukraine,Ethiopia,6.86
2015,Ukraine,India,42.0
2015,Ukraine,Indonesia,0.38
2015,Ukraine,Myanmar,3.6
2015,Ukraine,Nigeria,13.12
2015,Ukraine,Pakistan,1.5
2015,Ukraine,Russia,52.0
2015,Ukraine,Thailand,45.8
2015,Ukraine,Viet Nam,11.0
2015,United Arab Emirates,Algeria,5.5
2015,United Arab Emirates,Egypt,48.2
2015,United Arab Emirates,House of Representatives (Libya)*,1.4
2015,United Arab Emirates,Jordan,50.12
2015,United Arab Emirates,Somalia,0.97
2015,United Arab Emirates,Ukraine,7.5600000000000005
2015,United Arab Emirates,Yemen,19.0
2015,United Arab Emirates,unknown recipient(s),9.8
2015,United Kingdom,Algeria,37.5
2015,United Kingdom,Australia,2.0
2015,United Kingdom,Brazil,2.0
2015,United Kingdom,China,70.0
2015,United Kingdom,Congo,2.24
2015,United Kingdom,Greece,53.0
2015,United Kingdom,India,150.0
2015,United Kingdom,Indonesia,18.0
2015,United Kingdom,Ireland,34.85
2015,United Kingdom,Japan,12.5
2015,United Kingdom,Jordan,0.51
2015,United Kingdom,Latvia,0.63
2015,United Kingdom,Malaysia,10.0
2015,United Kingdom,Saudi Arabia,758.0
2015,United Kingdom,South Africa,1.8
2015,United Kingdom,Ukraine,6.0
2015,United Kingdom,United States,24.0
2015,United States,Afghanistan,109.62
2015,United States,African Union**,2.0
2015,United States,Algeria,3.0
2015,United States,Argentina,17.6
2015,United States,Australia,816.4
2015,United States,Bahrain,15.0
2015,United States,Bangladesh,54.0
2015,United States,Belgium,5.0
2015,United States,Brazil,36.0
2015,United States,Brunei,36.25
2015,United States,Bulgaria,4.0
2015,United States,Burundi,1.4
2015,United States,Cameroon,3.8
2015,United States,Canada,316.44
2015,United States,Chile,80.7
2015,United States,Colombia,55.4
2015,United States,Denmark,41.8
2015,United States,Dominican Republic,0.5
2015,United States,Egypt,598.26
2015,United States,Estonia,2.4
2015,United States,Finland,98.4
2015,United States,France,15.7
2015,United States,Germany,29.0
2015,United States,Greece,92.36
2015,United States,Honduras,2.0
2015,United States,India,261.2
2015,United States,Indonesia,83.89999999999999
2015,United States,Iraq,788.34
2015,United States,Israel,232.62
2015,United States,Italy,193.6
2015,United States,Jamaica,0.18
2015,United States,Japan,317.61
2015,United States,Jordan,53.05
2015,United States,Kenya,1.0
2015,United States,Kuwait,267.8
2015,United States,Lebanon,37.7
2015,United States,Lithuania,1.8
2015,United States,Malaysia,3.6
2015,United States,Mexico,194.8
2015,United States,Morocco,46.84
2015,United States,Netherlands,10.0
2015,United States,New Zealand,83.0
2015,United States,Niger,9.26
2015,United States,Nigeria,7.2
2015,United States,Norway,112.38
2015,United States,Oman,5.6
2015,United States,Pakistan,95.17
2015,United States,Peru,10.45
2015,United States,Philippines,45.8
2015,United States,Poland,3.5
2015,United States,Qatar,355.0
2015,United States,Romania,3.0
2015,United States,Saudi Arabia,1814.38
2015,United States,Singapore,74.92
2015,United States,South Korea,170.6
2015,United States,Spain,20.0
2015,United States,Taiwan,534.6
2015,United States,Thailand,26.6
2015,United States,Tunisia,6.76
2015,United States,Turkiye,292.08
2015,United States,Uganda,4.9
2015,United States,Ukraine,3.96
2015,United States,United Arab Emirates,1278.1999999999998
2015,United States,United Kingdom,372.0
2015,United States,Uzbekistan,35.86
2015,United States,Venezuela,6.4
2015,United States,Yemen,11.0
2015,Uzbekistan,China,34.0
2015,unknown supplier(s),Denmark,0.24
2015,unknown supplier(s),Honduras,2.08
2015,unknown supplier(s),Kurdistan Regional Government (Iraq)*,1.08
2015,unknown supplier(s),Myanmar,3.9
2015,unknown supplier(s),PKK (Turkiye)*,0.32
2015,unknown supplier(s),Russia,4.0
2015,unknown supplier(s),South Sudan,0.5
2020,Australia,Canada,120.0
2020,Australia,Chile,241.92
2020,Australia,Fiji,7.0
2020,Australia,Tonga,7.0
2020,Australia,United States,30.0
2020,Austria,Czechia,4.8
2020,Austria,France,0.8
2020,Austria,Myanmar,0.6
2020,Austria,Thailand,3.3
2020,Belarus,Uganda,36.400000000000006
2020,Belarus,Viet Nam,22.5
2020,Belgium,Indonesia,3.0
2020,Belgium,Saudi Arabia,16.0
2020,Brazil,Chile,18.0
2020,Brazil,France,92.0
2020,Brazil,Indonesia,27.0
2020,Brazil,Philippines,27.0
2020,Bulgaria,Cote d'Ivoire,3.4
2020,Canada,Brazil,1.5
2020,Canada,Chile,2.0
2020,Canada,Germany,14.4
2020,Canada,Philippines,3.0
2020,Canada,Saudi Arabia,55.019999999999996
2020,Canada,Senegal,1.4
2020,Canada,Turkiye,1.5
2020,Canada,United Arab Emirates,42.0
2020,Canada,United Kingdom,2.0
2020,Canada,Uruguay,0.28
2020,China,Algeria,3.0
2020,China,Angola,42.0
2020,China,Bangladesh,26.5
2020,China,Ethiopia,24.5
2020,China,Indonesia,17.0
2020,China,Myanmar,3.75
2020,China,Nigeria,48.4
2020,China,Pakistan,407.3
2020,China,Saudi Arabia,40.0
2020,China,Serbia,6.5
2020,China,Thailand,5.5
2020,China,United Arab Emirates,19.2
2020,China,Zambia,1.8
2020,Colombia,Peru,4.4
2020,Czechia,Brazil,0.8
2020,Czechia,Hungary,0.4
2020,Czechia,India,0.18
2020,Czechia,Uganda,11.16
2020,Czechia,Ukraine,13.32
2020,Finland,Poland,15.6
2020,France,Algeria,39.0
2020,France,Bolivia,26.0
2020,France,Botswana,49.5
2020,France,Brazil,26.4
2020,France,Burkina Faso,0.32
2020,France,Chad,0.48
2020,France,Chile,1.3
2020,France,China,123.25
2020,France,Cyprus,10.0
2020,France,Egypt,10.0
2020,France,Estonia,2.7
2020,France,Greece,5.0
2020,France,India,693.75
2020,France,Indonesia,51.59
2020,France,Italy,1.8
2020,France,Japan,3.6
2020,France,Kuwait,52.0
2020,France,Malaysia,10.2
2020,France,Mali,2.08
2020,France,Mexico,9.0
2020,France,NATO**,294.0
2020,France,Nigeria,10.4
2020,France,Norway,2.0
2020,France,Portugal,0.44
2020,France,Qatar,383.6
2020,France,Saudi Arabia,158.5
2020,France,Singapore,98.0
2020,France,Spain,39.5
2020,France,Tanzania,8.55
2020,France,Togo,0.56
2020,France,Turkiye,2.5
2020,France,United Arab Emirates,57.5
2020,France,United States,114.0
2020,France,unknown recipient(s),2.0
2020,Germany,Algeria,48.0
2020,Germany,Australia,9.0
2020,Germany,Belgium,12.0
2020,Germany,Chile,15.0
2020,Germany,China,20.5
2020,Germany,Denmark,20.8
2020,Germany,Ecuador,7.7
2020,Germany,Egypt,275.0
2020,Germany,Greece,10.9
2020,Germany,Hungary,55.0
2020,Germany,India,58.74
2020,Germany,Indonesia,0.36
2020,Germany,Israel,33.0
2020,Germany,Jordan,17.95
2020,Germany,Lithuania,36.41
2020,Germany,Luxembourg,15.25
2020,Germany,Malaysia,3.44
2020,Germany,Netherlands,2.48
2020,Germany,New Zealand,4.8
2020,Germany,Norway,4.32
2020,Germany,Oman,4.64
2020,Germany,Philippines,23.8
2020,Germany,Poland,2.56
2020,Germany,Qatar,21.5
2020,Germany,Romania,1.68
2020,Germany,Singapore,4.4
2020,Germany,South Korea,343.0
2020,Germany,United Arab Emirates,20.0
2020,Germany,United Kingdom,17.35
2020,Germany,United States,57.0
2020,Germany,Venezuela,6.0
2020,India,Bangladesh,2.16
2020,India,Maldives,2.8
2020,India,Myanmar,148.2
2020,Iran,Houthi rebels (Yemen)*,9.700000000000001
2020,Iran,Iraq,0.45
2020,Iran,unknown recipient(s),6.0
2020,Israel,Azerbaijan,21.75
2020,Israel,Botswana,12.6
2020,Israel,Brazil,4.5
2020,Israel,Canada,7.5
2020,Israel,Colombia,0.9
2020,Israel,Denmark,2.0
2020,Israel,Estonia,7.5
2020,Israel,Germany,18.75
2020,Israel,Greece,6.0
2020,Israel,India,115.25
2020,Israel,Latvia,1.2
2020,Israel,Lithuania,18.7
2020,Israel,Philippines,18.0
2020,Israel,Poland,7.2
2020,Israel,Romania,9.0
2020,Israel,Senegal,12.35
2020,Israel,Singapore,24.0
2020,Israel,Slovakia,3.0
2020,Israel,Thailand,29.52
2020,Israel,United States,36.0
2020,Italy,Algeria,57.5
2020,Italy,Austria,12.5
2020,Italy,Brazil,25.0
2020,Italy,Egypt,516.5
2020,Italy,Germany,7.0
2020,Italy,Greece,2.75
2020,Italy,India,2.75
2020,Italy,Kenya,54.0
2020,Italy,Nigeria,5.5
2020,Italy,Norway,15.0
2020,Italy,Philippines,5.25
2020,Italy,Poland,34.0
2020,Italy,Portugal,2.25
2020,Italy,Turkiye,59.5
2020,Italy,United States,16.5
2020,Italy,Uruguay,2.0
2020,Italy,Venezuela,2.5
2020,Jordan,United States,65.6
2020,Netherlands,Bulgaria,44.0
2020,Netherlands,Finland,2.1
2020,Netherlands,Greece,13.0
2020,Netherlands,Jamaica,10.0
2020,Netherlands,Malaysia,3.0
2020,Netherlands,Mexico,245.5
2020,Netherlands,New Zealand,12.5
2020,Netherlands,Pakistan,80.4
2020,Netherlands,United States,46.2
2020,Netherlands,Venezuela,40.0
2020,Norway,Finland,3.0
2020,Norway,Indonesia,15.0
2020,Norway,Lithuania,25.0
2020,Norway,New Zealand,2.4
2020,Norway,Poland,12.0
2020,Norway,Sweden,3.0
2020,Poland,Ukraine,0.3
2020,Portugal,Romania,45.6
2020,Russia,Algeria,449.45
2020,Russia,Belarus,13.0
2020,Russia,Central African Republic,1.2
2020,Russia,China,547.0
2020,Russia,Egypt,427.5
2020,Russia,House of Representatives (Libya)*,187.6
2020,Russia,India,1164.65
2020,Russia,Iran,2.0
2020,Russia,Kazakhstan,266.0
2020,Russia,Laos,17.16
2020,Russia,Mali,11.5
2020,Russia,Myanmar,63.99
2020,Russia,Niger,14.5
2020,Russia,Nigeria,14.5
2020,Russia,Pakistan,37.4
2020,Russia,Serbia,140.29
2020,Russia,Syria,79.75
2020,Russia,Turkiye,32.0
2020,Russia,United Arab Emirates,80.0
2020,Russia,Uzbekistan,92.0
2020,Russia,Viet Nam,15.0
2020,Russia,unknown recipient(s),3.5
2020,Serbia,Cyprus,21.0
2020,Serbia,Uganda,15.0
2020,Serbia,unknown recipient(s),14.4
2020,Singapore,United States,24.0
2020,Slovakia,Angola,1.44
2020,Slovakia,Saudi Arabia,9.6
2020,South Africa,Cameroon,2.0
2020,South Africa,DR Congo,8.68
2020,South Africa,Kazakhstan,3.85
2020,South Africa,Malaysia,9.6
2020,South Africa,Mali,0.96
2020,South Africa,Mozambique,1.05
2020,South Africa,Saudi Arabia,3.6
2020,South Africa,Senegal,0.96
2020,South Africa,Singapore,22.75
2020,South Africa,Thailand,8.1
2020,South Africa,Uganda,0.75
2020,South Africa,United Arab Emirates,47.4
2020,South Africa,United States,40.0
2020,South Korea,Colombia,61.6
2020,South Korea,Ecuador,12.0
2020,South Korea,Estonia,10.8
2020,South Korea,Finland,12.6
2020,South Korea,India,190.96
2020,South Korea,Indonesia,6.0
2020,South Korea,Iraq,1.4
2020,South Korea,New Zealand,95.8
2020,South Korea,Nigeria,0.7
2020,South Korea,Norway,97.43
2020,South Korea,Philippines,246.25
2020,South Korea,Poland,11.8
2020,South Korea,Senegal,7.6
2020,South Korea,Thailand,71.2
2020,South Korea,Turkiye,3.12
2020,Spain,Australia,499.0
2020,Spain,Belgium,73.0
2020,Spain,Brazil,12.5
2020,Spain,Burkina Faso,2.6
2020,Spain,Canada,66.0
2020,Spain,Luxembourg,73.0
2020,Spain,Peru,22.4
2020,Spain,Portugal,14.0
2020,Spain,Saudi Arabia,30.0
2020,Spain,United Kingdom,17.2
2020,Spain,United States,142.8
2020,Spain,Uruguay,22.4
2020,Spain,Venezuela,30.5
2020,Sweden,Brazil,32.7
2020,Sweden,Canada,0.6
2020,Sweden,Czechia,2.0
2020,Sweden,Denmark,5.92
2020,Sweden,Finland,2.0
2020,Sweden,Ireland,1.5
2020,Sweden,Lithuania,2.1
2020,Sweden,Mexico,2.5
2020,Sweden,Pakistan,80.0
2020,Sweden,United Arab Emirates,80.0
2020,Sweden,United States,54.0
2020,Switzerland,Botswana,12.6
2020,Switzerland,Denmark,31.82
2020,Switzerland,Indonesia,57.0
2020,Switzerland,Ireland,7.4
2020,Switzerland,Kuwait,15.0
2020,Switzerland,Romania,16.380000000000003
2020,Switzerland,Saudi Arabia,5.0
2020,Taiwan,eSwatini,2.1
2020,Turkiye,Azerbaijan,28.8
2020,Turkiye,Bahrain,12.06
2020,Turkiye,Ghana,12.0
2020,Turkiye,Libya,0.44
2020,Turkiye,Malaysia,22.21
2020,Turkiye,Oman,76.56
2020,Turkiye,Qatar,40.5
2020,Turkiye,Saudi Arabia,4.5
2020,Turkiye,Somalia,1.68
2020,Turkiye,Tunisia,1.2
2020,Turkiye,Uganda,10.5
2020,Turkiye,United Arab Emirates,64.78
2020,Ukraine,Angola,7.2
2020,Ukraine,Bangladesh,9.2
2020,Ukraine,China,84.0
2020,Ukraine,Indonesia,0.3
2020,Ukraine,Morocco,4.96
2020,Ukraine,Pakistan,7.5
2020,Ukraine,Uganda,0.4
2020,United Arab Emirates,Cameroon,0.28
2020,United Arab Emirates,Egypt,35.0
2020,United Arab Emirates,House of Representatives (Libya)*,4.8
2020,United Arab Emirates,Jordan,126.0
2020,United Arab Emirates,Madagascar,0.84
2020,United Arab Emirates,Mali,34.2
2020,United Arab Emirates,Morocco,3.6
2020,United Arab Emirates,Nigeria,4.53
2020,United Kingdom,Bahrain,15.2
2020,United Kingdom,Bangladesh,32.0
2020,United Kingdom,Brazil,14.5
2020,United Kingdom,Chile,26.25
2020,United Kingdom,Djibouti,0.8
2020,United Kingdom,France,32.0
2020,United Kingdom,Greece,53.0
2020,United Kingdom,India,28.0
2020,United Kingdom,Indonesia,14.52
2020,United Kingdom,Latvia,8.77
2020,United Kingdom,Malaysia,1.89
2020,United Kingdom,NATO**,66.0
2020,United Kingdom,New Zealand,28.0
2020,United Kingdom,Philippines,1.0
2020,United Kingdom,Qatar,64.0
2020,United Kingdom,Saudi Arabia,60.0
2020,United Kingdom,Singapore,22.0
2020,United Kingdom,United Arab Emirates,4.0
2020,United Kingdom,United States,180.0
2020,United States,Afghanistan,231.26
2020,United States,Albania,12.3
2020,United States,Algeria,3.84
2020,United States,Argentina,7.0
2020,United States,Australia,1123.56
2020,United States,Austria,1.6
2020,United States,Belgium,4.92
2020,United States,Bosnia-Herzegovina,0.31
2020,United States,Brazil,16.5
2020,United States,Canada,54.0
2020,United States,Chad,3.08
2020,United States,Colombia,17.4
2020,United States,Czechia,0.8
2020,United States,Denmark,2.88
2020,United States,Dominican Republic,4.25
2020,United States,Egypt,134.4
2020,United States,El Salvador,4.08
2020,United States,Estonia,3.84
2020,United States,Finland,76.0
2020,United States,France,99.8
2020,United States,Germany,65.0
2020,United States,Greece,1.0
2020,United States,Honduras,0.48
2020,United States,India,415.82
2020,United States,Indonesia,91.3
2020,United States,Iraq,2.72
2020,United States,Israel,346.44
2020,United States,Italy,199.55
2020,United States,Japan,925.2
2020,United States,Jordan,4.47
2020,United States,Kenya,16.7
2020,United States,Kosovo,3.25
2020,United States,Lebanon,44.9
2020,United States,Lithuania,36.5
2020,United States,Malaysia,1.0
2020,United States,Mexico,20.42
2020,United States,Montenegro,4.5
2020,United States,Morocco,7.24
2020,United States,NATO**,105.0
2020,United States,Netherlands,573.0
2020,United States,New Zealand,2.85
2020,United States,Niger,4.4
2020,United States,Norway,340.0
2020,United States,Oman,4.0
2020,United States,Pakistan,11.6
2020,United States,Peru,0.8300000000000001
2020,United States,Philippines,60.5
2020,United States,Poland,69.53999999999999
2020,United States,Portugal,28.5
2020,United States,Qatar,572.0
2020,United States,Romania,95.0
2020,United States,Russia,0.5
2020,United States,Saudi Arabia,1859.13
2020,United States,Serbia,0.48
2020,United States,Singapore,5.0
2020,United States,Slovakia,21.75
2020,United States,South Korea,929.82
2020,United States,Spain,30.1
2020,United States,Taiwan,110.96
2020,United States,Thailand,23.3
2020,United States,Togo,4.6
2020,United States,Tunisia,14.5
2020,United States,Turkiye,11.5
2020,United States,Uganda,4.6
2020,United States,Ukraine,4.5
2020,United States,United Arab Emirates,244.75
2020,United States,United Kingdom,598.0
2020,United States,Zambia,1.0
2020,United States,unknown recipient(s),10.0
2020,unknown supplier(s),Benin,1.04
2020,unknown supplier(s),Botswana,1.05
2020,unknown supplier(s),Ecuador,0.9
2025,Australia,Ukraine,78.4
2025,Australia,United States,30.0
2025,Austria,Hungary,0.6
2025,Belarus,Benin,1.44
2025,Belgium,Cyprus,0.36
2025,Belgium,Saudi Arabia,43.2
2025,Belgium,Serbia,2.5
2025,Belgium,Ukraine,40.4
2025,Brazil,Hungary,54.0
2025,Brazil,Paraguay,18.0
2025,Brazil,Philippines,3.15
2025,Brazil,Portugal,76.5
2025,Brazil,United Arab Emirates,1.4
2025,Canada,Angola,3.0
2025,Canada,Colombia,1.0
2025,Canada,Haiti,0.98
2025,Canada,India,15.0
2025,Canada,Ireland,1.5
2025,Canada,Mozambique,1.5
2025,Canada,Paraguay,2.0
2025,Canada,Portugal,2.5
2025,Canada,Saudi Arabia,85.59
2025,Canada,Spain,8.0
2025,Canada,Thailand,2.0
2025,Canada,Ukraine,100.0
2025,Canada,United States,85.0
2025,Canada,Viet Nam,3.5
2025,China,Azerbaijan,129.5
2025,China,Belarus,0.4
2025,China,Burkina Faso,34.3
2025,China,Chad,4.0
2025,China,Kazakhstan,2.1
2025,China,Mali,31.56
2025,China,Myanmar,46.0
2025,China,Namibia,0.2
2025,China,Pakistan,444.7
2025,China,Russia,4.8
2025,China,Serbia,75.0
2025,China,Tajikistan,75.0
2025,China,Uzbekistan,32.0
2025,Czechia,Azerbaijan,7.0
2025,Czechia,Hungary,55.2
2025,Czechia,India,0.72
2025,Czechia,Madagascar,2.6
2025,Czechia,Ukraine,29.759999999999998
2025,Czechia,Viet Nam,41.4
2025,Denmark,Argentina,68.4
2025,Denmark,Belgium,4.75
2025,Denmark,Norway,9.5
2025,Denmark,Peru,2.4
2025,Denmark,Ukraine,79.8
2025,Finland,Denmark,0.7
2025,Finland,Japan,16.9
2025,Finland,Poland,34.65
2025,Finland,Slovakia,16.9
2025,Finland,Sweden,30.8
2025,Finland,Ukraine,14.7
2025,France,Angola,37.0
2025,France,Bangladesh,26.0
2025,France,Belgium,109.0
2025,France,Benin,0.4
2025,France,Brazil,355.12
2025,France,Bulgaria,9.8
2025,France,Chile,13.5
2025,France,China,56.25
2025,France,Croatia,114.25
2025,France,Denmark,4.0
2025,France,Ecuador,16.0
2025,France,Egypt,643.0
2025,France,Estonia,26.2
2025,France,Finland,10.0
2025,France,Germany,7.0
2025,France,Greece,419.75
2025,France,Hungary,32.0
2025,France,India,476.27
2025,France,Indonesia,180.0
2025,France,Iraq,48.0
2025,France,Italy,42.0
2025,France,Kazakhstan,13.0
2025,France,NATO**,98.0
2025,France,Nigeria,17.76
2025,France,Philippines,30.0
2025,France,Qatar,46.5
2025,France,Saudi Arabia,35.0
2025,France,Serbia,40.0
2025,France,South Korea,2.0
2025,France,Spain,14.0
2025,France,Ukraine,190.08
2025,France,United Arab Emirates,177.0
2025,France,United States,78.0
2025,Germany,Algeria,48.0
2025,Germany,Australia,115.58
2025,Germany,Brazil,1.0
2025,Germany,Bulgaria,182.25
2025,Germany,Canada,8.0
2025,Germany,China,42.0
2025,Germany,Cyprus,19.5
2025,Germany,Czechia,19.2
2025,Germany,France,20.8
2025,Germany,Greece,28.6
2025,Germany,Hungary,162.15
2025,Germany,India,24.48
2025,Germany,Indonesia,28.0
2025,Germany,Israel,35.75
2025,Germany,Japan,15.0
2025,Germany,Montenegro,0.7
2025,Germany,Norway,10.370000000000001
2025,Germany,Pakistan,3.0
2025,Germany,Peru,0.48
2025,Germany,Philippines,30.33
2025,Germany,Poland,18.29
2025,Germany,Qatar,10.2
2025,Germany,Romania,0.32
2025,Germany,Serbia,13.0
2025,Germany,Singapore,4.4
2025,Germany,Spain,33.46
2025,Germany,Sweden,1.2
2025,Germany,Turkiye,275.0
2025,Germany,Ukraine,472.13
2025,Germany,United Kingdom,35.0
2025,Germany,United States,37.5
2025,Greece,Ukraine,1.73
2025,India,Armenia,21.0
2025,India,Morocco,1.75
2025,India,Philippines,58.0
2025,Iran,Russia,80.0
2025,Iran,Tajikistan,0.2
2025,Ireland,Australia,17.5
2025,Ireland,Ukraine,6.5
2025,Israel,Australia,1.2
2025,Israel,Austria,15.0
2025,Israel,Azerbaijan,121.8
2025,Israel,Cyprus,5.1
2025,Israel,Denmark,43.41
2025,Israel,Ecuador,3.63
2025,Israel,Estonia,0.6
2025,Israel,Finland,31.0
2025,Israel,Germany,1300.0
2025,Israel,Greece,43.25
2025,Israel,Hungary,25.5
2025,Israel,India,578.5
2025,Israel,Kenya,93.75
2025,Israel,Liberia,0.24
2025,Israel,Lithuania,0.75
2025,Israel,Moldova,4.68
2025,Israel,Morocco,114.5
2025,Israel,Netherlands,6.0
2025,Israel,Philippines,49.65
2025,Israel,Poland,13.5
2025,Israel,Romania,0.6
2025,Israel,Serbia,10.0
2025,Israel,Singapore,23.5
2025,Israel,South Korea,8.0
2025,Israel,Sweden,12.0
2025,Israel,Thailand,7.02
2025,Israel,United Kingdom,30.0
2025,Israel,United States,80.0
2025,Italy,Albania,20.0
2025,Italy,Austria,12.0
2025,Italy,Azerbaijan,32.0
2025,Italy,Bangladesh,5.5
2025,Italy,Brazil,15.7
2025,Italy,Bulgaria,2.75
2025,Italy,Dominican Republic,8.56
2025,Italy,France,147.95
2025,Italy,Greece,36.75
2025,Italy,Guyana,1.3
2025,Italy,India,22.75
2025,Italy,Indonesia,920.0
2025,Italy,Israel,11.25
2025,Italy,Kuwait,230.0
2025,Italy,Netherlands,20.5
2025,Italy,Pakistan,16.75
2025,Italy,Philippines,10.5
2025,Italy,Poland,58.5
2025,Italy,Qatar,121.0
2025,Italy,Somalia,1.8
2025,Italy,Sweden,4.0
2025,Italy,Turkiye,31.5
2025,Italy,Ukraine,45.46
2025,Italy,United Arab Emirates,21.5
2025,Italy,United States,125.0
2025,Japan,Philippines,13.0
2025,Japan,United States,15.0
2025,Kyrgyzstan,Sudan,34.0
2025,Latvia,Ukraine,1.2
2025,Netherlands,Belgium,10.0
2025,Netherlands,France,4.5
2025,Netherlands,India,9.5
2025,Netherlands,Pakistan,22.0
2025,Netherlands,Romania,205.2
2025,Netherlands,South Africa,30.0
2025,Netherlands,Ukraine,273.32
2025,Netherlands,United States,46.2
2025,North Korea,Russia,44.1
2025,Norway,Argentina,30.0
2025,Norway,Australia,30.0
2025,Norway,Japan,24.0
2025,Norway,Netherlands,10.0
2025,Norway,Qatar,15.0
2025,Norway,Romania,68.4
2025,Norway,Ukraine,135.6
2025,Norway,United States,102.0
2025,Pakistan,Azerbaijan,119.0
2025,Pakistan,Sri Lanka,5.0
2025,Pakistan,Turkiye,3.36
2025,Poland,Belgium,2.0
2025,Poland,Estonia,16.56
2025,Poland,Lithuania,4.0
2025,Poland,Nepal,5.5
2025,Poland,South Korea,1.9
2025,Poland,Sweden,1.0
2025,Poland,Ukraine,28.299999999999997
2025,Portugal,Ukraine,0.5
2025,Qatar,Ukraine,1.8
2025,Romania,Netherlands,132.0
2025,Russia,Algeria,60.0
2025,Russia,Belarus,465.5
2025,Russia,China,25.0
2025,Russia,Ethiopia,63.0
2025,Russia,House of Representatives (Libya)*,56.25
2025,Russia,India,1211.75
2025,Russia,Mali,28.0
2025,Russia,Myanmar,24.0
2025,Russia,Pakistan,2.2
2025,Russia,Serbia,4.8
2025,Russia,Uganda,1.0
2025,Serbia,Azerbaijan,36.0
2025,Serbia,Cyprus,3.3
2025,Singapore,United Arab Emirates,78.7
2025,Slovakia,Ukraine,9.24
2025,South Africa,Cote d'Ivoire,4.2
2025,South Africa,DR Congo,43.75
2025,South Africa,Ecuador,0.64
2025,South Africa,Ghana,4.9
2025,South Africa,Singapore,21.0
2025,South Africa,Togo,4.2
2025,South Africa,United Arab Emirates,36.0
2025,South Korea,Australia,9.55
2025,South Korea,Chile,0.98
2025,South Korea,Egypt,26.84
2025,South Korea,Finland,1.8
2025,South Korea,Norway,20.48
2025,South Korea,Peru,86.64999999999999
2025,South Korea,Philippines,542.0
2025,South Korea,Poland,1074.6
2025,South Korea,Romania,14.2
2025,South Korea,Turkiye,3.0
2025,South Korea,United Arab Emirates,180.0
2025,South Korea,Viet Nam,60.0
2025,Spain,Angola,44.0
2025,Spain,India,175.0
2025,Spain,Indonesia,73.0
2025,Spain,Ireland,12.5
2025,Spain,Mozambique,12.5
2025,Spain,Philippines,1.36
2025,Spain,United Kingdom,23.1
2025,Sweden,Belgium,0.4
2025,Sweden,Brazil,63.0
2025,Sweden,Bulgaria,7.5
2025,Sweden,Canada,8.0
2025,Sweden,Denmark,0.1
2025,Sweden,Finland,8.3
2025,Sweden,Germany,19.0
2025,Sweden,Lithuania,0.8
2025,Sweden,Netherlands,50.0
2025,Sweden,Norway,1.8
2025,Sweden,Poland,1.65
2025,Sweden,Spain,4.51
2025,Sweden,Ukraine,56.5
2025,Sweden,United Kingdom,1.25
2025,Sweden,United States,12.5
2025,Switzerland,Germany,13.549999999999999
2025,Switzerland,Luxembourg,11.2
2025,Switzerland,Romania,1.29
2025,Switzerland,Spain,102.53
2025,Taiwan,Paraguay,4.19
2025,Turkiye,Albania,2.0
2025,Turkiye,Azerbaijan,11.7
2025,Turkiye,Bosnia-Herzegovina,1.4
2025,Turkiye,Croatia,14.4
2025,Turkiye,Estonia,32.85
2025,Turkiye,Gambia,1.02
2025,Turkiye,Hungary,19.6
2025,Turkiye,Indonesia,52.0
2025,Turkiye,Kazakhstan,2.25
2025,Turkiye,Kuwait,43.2
2025,Turkiye,Maldives,9.6
2025,Turkiye,Mali,4.8
2025,Turkiye,Morocco,9.0
2025,Turkiye,Niger,4.2
2025,Turkiye,North Macedonia,3.6
2025,Turkiye,Pakistan,210.0
2025,Turkiye,Philippines,20.0
2025,Turkiye,Romania,72.60000000000001
2025,Turkiye,Sudan,22.5
2025,Turkiye,Syria,2.24
2025,Ukraine,China,84.0
2025,Ukraine,India,36.0
2025,United Arab Emirates,Benin,0.72
2025,United Arab Emirates,Comoros,0.13
2025,United Arab Emirates,Guinea,6.3999999999999995
2025,United Arab Emirates,Maldives,1.5
2025,United Arab Emirates,Saudi Arabia,18.5
2025,United Arab Emirates,Tanzania,4.0
2025,United Arab Emirates,Togo,0.4
2025,United Arab Emirates,Uganda,0.9
2025,United Kingdom,Australia,19.5
2025,United Kingdom,Brazil,5.0
2025,United Kingdom,France,10.0
2025,United Kingdom,Germany,10.0
2025,United Kingdom,Hungary,10.0
2025,United Kingdom,Indonesia,10.0
2025,United Kingdom,Japan,92.0
2025,United Kingdom,NATO**,22.0
2025,United Kingdom,Qatar,191.5
2025,United Kingdom,Romania,18.0
2025,United Kingdom,Spain,20.0
2025,United Kingdom,Sweden,10.0
2025,United Kingdom,Taiwan,12.0
2025,United Kingdom,Ukraine,116.36
2025,United Kingdom,United Arab Emirates,22.0
2025,United Kingdom,United States,134.0
2025,United States,Albania,0.75
2025,United States,Argentina,9.5
2025,United States,Australia,632.55
2025,United States,Austria,2.16
2025,United States,Azerbaijan,6.0
2025,United States,Bahrain,29.6
2025,United States,Belgium,303.82
2025,United States,Benin,1.14
2025,United States,Brazil,21.75
2025,United States,Bulgaria,338.0
2025,United States,Canada,66.6
2025,United States,Colombia,20.619999999999997
2025,United States,Cote d'Ivoire,0.36
2025,United States,Croatia,12.67
2025,United States,Denmark,230.1
2025,United States,Dominican Republic,4.25
2025,United States,Ecuador,9.780000000000001
2025,United States,Egypt,27.5
2025,United States,El Salvador,2.96
2025,United States,Estonia,118.32000000000001
2025,United States,France,52.5
2025,United States,Germany,282.76
2025,United States,Ghana,0.42
2025,United States,Greece,45.5
2025,United States,Guyana,4.1
2025,United States,Hungary,42.8
2025,United States,India,313.49
2025,United States,Indonesia,14.0
2025,United States,Iraq,7.2
2025,United States,Israel,490.23
2025,United States,Italy,524.34
2025,United States,Japan,1567.25
2025,United States,Kenya,23.04
2025,United States,Kosovo,8.0
2025,United States,Kuwait,37.5
2025,United States,Lithuania,23.5
2025,United States,Mexico,8.8
2025,United States,Montenegro,0.72
2025,United States,Morocco,266.3
2025,United States,Netherlands,605.6
2025,United States,Nigeria,2.85
2025,United States,North Macedonia,5.22
2025,United States,Norway,365.0
2025,United States,Pakistan,7.0
2025,United States,Peru,0.5
2025,United States,Philippines,88.5
2025,United States,Poland,968.22
2025,United States,Portugal,10.8
2025,United States,Qatar,670.0
2025,United States,Romania,40.0
2025,United States,Saudi Arabia,2860.16
2025,United States,Serbia,0.3
2025,United States,Singapore,8.0
2025,United States,Slovakia,428.56
2025,United States,South Korea,210.5
2025,United States,Spain,54.370000000000005
2025,United States,Sri Lanka,6.0
2025,United States,Sweden,87.0
2025,United States,Taiwan,386.46000000000004
2025,United States,Thailand,23.5
2025,United States,Tunisia,7.36
2025,United States,Turkiye,68.25
2025,United States,Ukraine,582.12
2025,United States,United Arab Emirates,351.15999999999997
2025,United States,United Kingdom,519.28
2025,United States,Uruguay,1.0
2025,United States,Viet Nam,71.6
2025,unknown supplier(s),Cote d'Ivoire,10.2
2025,unknown supplier(s),Ecuador,0.28
2025,unknown supplier(s),Estonia,9.2
2025,unknown supplier(s),House of Representatives (Libya)*,13.76
2025,unknown supplier(s),Kazakhstan,0.24
2025,unknown supplier(s),RSF (Sudan)*,17.25
